{
    "counts": [
        28409,
        20245,
        14773,
        10383,
        7350,
        5400,
        3743,
        2694,
        2000,
        1397
    ],
    "uncert": [
        4261.349999999999,
        3036.75,
        2215.95,
        1557.45,
        1102.5,
        810.0,
        561.4499999999999,
        404.09999999999997,
        300.0,
        209.54999999999998
    ]
}